<?xml version="1.0" encoding="UTF-8"?>
<metadata xml:lang="en"><Esri><CreaDate>20250417</CreaDate><CreaTime>22183300</CreaTime><ArcGISFormat>1.0</ArcGISFormat><SyncOnce>TRUE</SyncOnce><DataProperties><itemProps><itemLocation><linkage Sync="TRUE">file://\\HOME-PC\C$\Iran_Shapefiles\Shapefiles\IRN_adm1</linkage><protocol Sync="TRUE">Local Area Network</protocol></itemLocation></itemProps><copyHistory><copy source="C:\Iran_Shapefiles\IRN_adm1" dest="\\HOME-PC\C$\Iran_Shapefiles\Shapefiles\IRN_adm1" date="20151123" time="07022400"></copy></copyHistory></DataProperties></Esri></metadata>
